DROP DATABASE IF EXISTS `chamber_music`;
CREATE DATABASE `chamber_music`; 
USE `chamber_music`;

CREATE TABLE `work_types` (
  `work_type_id` int NOT NULL AUTO_INCREMENT,
  `description` varchar(50) DEFAULT NULL,
  PRIMARY KEY (`work_type_id`)
);

INSERT INTO `work_types` (`work_type_id`,`description`) VALUES (1,'Duo');
INSERT INTO `work_types` (`work_type_id`,`description`) VALUES (2,'Duet');
INSERT INTO `work_types` (`work_type_id`,`description`) VALUES (3,'Trio');
INSERT INTO `work_types` (`work_type_id`,`description`) VALUES (4,'Quartet');
INSERT INTO `work_types` (`work_type_id`,`description`) VALUES (5,'Quintet');
INSERT INTO `work_types` (`work_type_id`,`description`) VALUES (6,'Sexet');
INSERT INTO `work_types` (`work_type_id`,`description`) VALUES (7,'Septet');
INSERT INTO `work_types` (`work_type_id`,`description`) VALUES (8,'Octet');
INSERT INTO `work_types` (`work_type_id`,`description`) VALUES (9,'Nonet');
INSERT INTO `work_types` (`work_type_id`,`description`) VALUES (10,'Decet');
INSERT INTO `work_types` (`work_type_id`,`description`) VALUES (11,'String Trio');
INSERT INTO `work_types` (`work_type_id`,`description`) VALUES (12,'String Quartet');
INSERT INTO `work_types` (`work_type_id`,`description`) VALUES (13,'String Quintet');
INSERT INTO `work_types` (`work_type_id`,`description`) VALUES (14,'String Sextet');
INSERT INTO `work_types` (`work_type_id`,`description`) VALUES (15,'Piano Trio');
INSERT INTO `work_types` (`work_type_id`,`description`) VALUES (16,'Piano Quartet');
INSERT INTO `work_types` (`work_type_id`,`description`) VALUES (17,'Piano Quintet');
INSERT INTO `work_types` (`work_type_id`,`description`) VALUES (18,'Blank');
INSERT INTO `work_types` (`work_type_id`,`description`) VALUES (19,'Clarinet Trio');
INSERT INTO `work_types` (`work_type_id`,`description`) VALUES (20,'Clarinet Quartet');
INSERT INTO `work_types` (`work_type_id`,`description`) VALUES (21,'Clarinet Quintet');
INSERT INTO `work_types` (`work_type_id`,`description`) VALUES (22,'Duo Sonata');
INSERT INTO `work_types` (`work_type_id`,`description`) VALUES (23,'Trio Sonata');
INSERT INTO `work_types` (`work_type_id`,`description`) VALUES (24,'Violin Sonata');
INSERT INTO `work_types` (`work_type_id`,`description`) VALUES (25,'Cello Sonata');
INSERT INTO `work_types` (`work_type_id`,`description`) VALUES (26,'Viola Sonata');
INSERT INTO `work_types` (`work_type_id`,`description`) VALUES (27,'Horn Sonata');
INSERT INTO `work_types` (`work_type_id`,`description`) VALUES (28,'Bassoon Sonata');
INSERT INTO `work_types` (`work_type_id`,`description`) VALUES (29,'Clarinet Sonata');
INSERT INTO `work_types` (`work_type_id`,`description`) VALUES (30,'Flute Sonata');
INSERT INTO `work_types` (`work_type_id`,`description`) VALUES (31,'Horn Quintet');
INSERT INTO `work_types` (`work_type_id`,`description`) VALUES (32,'Flute Quartet');
INSERT INTO `work_types` (`work_type_id`,`description`) VALUES (33,'Oboe Quartet');
INSERT INTO `work_types` (`work_type_id`,`description`) VALUES (34,'String Duo');

CREATE TABLE `composers` (
  `composer_id` int NOT NULL AUTO_INCREMENT,
  `era` varchar(50) DEFAULT NULL,
  `nationality` varchar(20) DEFAULT NULL,
  `last_name` varchar(50) DEFAULT NULL,
  `first_name` varchar(50) DEFAULT NULL,
  `birth_date` date DEFAULT NULL,
  `death_date` date DEFAULT NULL,
  PRIMARY KEY (`composer_id`)
);

INSERT INTO `composers` (`composer_id`,`era`,`nationality`,`last_name`,`first_name`,`birth_date`,`death_date`) VALUES (1,'Contemporary','Indian','Rahman','A. R.','1967-01-06',NULL);
INSERT INTO `composers` (`composer_id`,`era`,`nationality`,`last_name`,`first_name`,`birth_date`,`death_date`) VALUES (2,'20th Century','American','Copland','Aaron','1900-11-14','1990-12-02');
INSERT INTO `composers` (`composer_id`,`era`,`nationality`,`last_name`,`first_name`,`birth_date`,`death_date`) VALUES (3,'20th Century','Austrian','Berg','Alban','1885-02-09','1935-12-24');
INSERT INTO `composers` (`composer_id`,`era`,`nationality`,`last_name`,`first_name`,`birth_date`,`death_date`) VALUES (4,'20th Century','English','Lloyd Webber','Andrew','1948-03-22',NULL);
INSERT INTO `composers` (`composer_id`,`era`,`nationality`,`last_name`,`first_name`,`birth_date`,`death_date`) VALUES (5,'20th Century','German, American','Previn','André','1929-04-06','2019-02-28');
INSERT INTO `composers` (`composer_id`,`era`,`nationality`,`last_name`,`first_name`,`birth_date`,`death_date`) VALUES (6,'Post-Romantic','Austrian','Bruckner','Anton','1824-09-04','1896-10-11');
INSERT INTO `composers` (`composer_id`,`era`,`nationality`,`last_name`,`first_name`,`birth_date`,`death_date`) VALUES (7,'Post-Romantic','Czech','Dvořák','Antonín','1841-09-08','1904-05-01');
INSERT INTO `composers` (`composer_id`,`era`,`nationality`,`last_name`,`first_name`,`birth_date`,`death_date`) VALUES (8,'Classical','Italian','Salieri','Antonio','1750-08-18','1825-05-07');
INSERT INTO `composers` (`composer_id`,`era`,`nationality`,`last_name`,`first_name`,`birth_date`,`death_date`) VALUES (9,'Baroque','Italian ','Vivaldi','Antonio','1678-03-04','1741-07-28');
INSERT INTO `composers` (`composer_id`,`era`,`nationality`,`last_name`,`first_name`,`birth_date`,`death_date`) VALUES (10,'20th Century','Austrian ','Schoenberg','Arnold','1874-09-13','1951-07-13');
INSERT INTO `composers` (`composer_id`,`era`,`nationality`,`last_name`,`first_name`,`birth_date`,`death_date`) VALUES (11,'20th Century','Estonian','Pärt','Arvo','1935-09-11',NULL);
INSERT INTO `composers` (`composer_id`,`era`,`nationality`,`last_name`,`first_name`,`birth_date`,`death_date`) VALUES (12,'20th Century','Argentine','Piazzolla','Astor','1921-03-11','1992-07-04');
INSERT INTO `composers` (`composer_id`,`era`,`nationality`,`last_name`,`first_name`,`birth_date`,`death_date`) VALUES (13,'Romantic','Czech','Smetana','Bedřich','1824-03-02','1884-05-12');
INSERT INTO `composers` (`composer_id`,`era`,`nationality`,`last_name`,`first_name`,`birth_date`,`death_date`) VALUES (14,'20th Century','English ','Britten','Benjamin','1913-11-22','1976-12-04');
INSERT INTO `composers` (`composer_id`,`era`,`nationality`,`last_name`,`first_name`,`birth_date`,`death_date`) VALUES (15,'20th Century','American ','Herrmann','Bernard','1911-06-29','1975-12-24');
INSERT INTO `composers` (`composer_id`,`era`,`nationality`,`last_name`,`first_name`,`birth_date`,`death_date`) VALUES (16,'21st Century','American ','Tyler','Brian','1972-05-08',NULL);
INSERT INTO `composers` (`composer_id`,`era`,`nationality`,`last_name`,`first_name`,`birth_date`,`death_date`) VALUES (17,'20th Century','American ','Bacharach','Burt','1928-05-12',NULL);
INSERT INTO `composers` (`composer_id`,`era`,`nationality`,`last_name`,`first_name`,`birth_date`,`death_date`) VALUES (18,'20th Century','Hungarian','Bartók','Béla','1881-03-25','1945-09-26');
INSERT INTO `composers` (`composer_id`,`era`,`nationality`,`last_name`,`first_name`,`birth_date`,`death_date`) VALUES (19,'Romantic','French ','Saint-Saëns','Camille','1835-10-09','1921-12-16');
INSERT INTO `composers` (`composer_id`,`era`,`nationality`,`last_name`,`first_name`,`birth_date`,`death_date`) VALUES (20,'Romantic','German','Von Weber','Carl Maria','1786-11-19','1826-06-05');
INSERT INTO `composers` (`composer_id`,`era`,`nationality`,`last_name`,`first_name`,`birth_date`,`death_date`) VALUES (21,'20th Century','American ','Ives','Charles','1874-10-20','1954-05-19');
INSERT INTO `composers` (`composer_id`,`era`,`nationality`,`last_name`,`first_name`,`birth_date`,`death_date`) VALUES (22,'Romantic','German','Schumann','Clara','1819-09-13','1896-05-20');
INSERT INTO `composers` (`composer_id`,`era`,`nationality`,`last_name`,`first_name`,`birth_date`,`death_date`) VALUES (23,'20th Century','French ','Debussy','Claude','1862-08-22','1918-03-25');
INSERT INTO `composers` (`composer_id`,`era`,`nationality`,`last_name`,`first_name`,`birth_date`,`death_date`) VALUES (24,'Baroque','Italian','Monteverdi','Claudio','1567-05-15','1643-11-29');
INSERT INTO `composers` (`composer_id`,`era`,`nationality`,`last_name`,`first_name`,`birth_date`,`death_date`) VALUES (25,'20th Century','American ','Porter','Cole','1891-06-09','1964-10-15');
INSERT INTO `composers` (`composer_id`,`era`,`nationality`,`last_name`,`first_name`,`birth_date`,`death_date`) VALUES (26,'Romantic','French','Franck','César','1822-12-10','1890-11-08');
INSERT INTO `composers` (`composer_id`,`era`,`nationality`,`last_name`,`first_name`,`birth_date`,`death_date`) VALUES (27,'20th Century','American','Brubeck','Dave','1920-12-06','2012-12-05');
INSERT INTO `composers` (`composer_id`,`era`,`nationality`,`last_name`,`first_name`,`birth_date`,`death_date`) VALUES (28,'20th Century','American','Diamond','David','1915-07-09','2005-06-13');
INSERT INTO `composers` (`composer_id`,`era`,`nationality`,`last_name`,`first_name`,`birth_date`,`death_date`) VALUES (29,'20th Century','English','Derbyshire','Delia','1937-05-05','2001-07-03');
INSERT INTO `composers` (`composer_id`,`era`,`nationality`,`last_name`,`first_name`,`birth_date`,`death_date`) VALUES (30,'20th Century','Russian','Shostakovich','Dmitri','1906-09-25','1975-08-09');
INSERT INTO `composers` (`composer_id`,`era`,`nationality`,`last_name`,`first_name`,`birth_date`,`death_date`) VALUES (31,'Baroque','Italian','Scarlatti','Domenico','1685-10-26','1757-07-23');
INSERT INTO `composers` (`composer_id`,`era`,`nationality`,`last_name`,`first_name`,`birth_date`,`death_date`) VALUES (32,'Post-Romantic','Norwegian','Grieg','Edvard','1843-06-15','1907-09-04');
INSERT INTO `composers` (`composer_id`,`era`,`nationality`,`last_name`,`first_name`,`birth_date`,`death_date`) VALUES (33,'20th Century','English ','Elgar','Edward','1857-06-02','1934-02-23');
INSERT INTO `composers` (`composer_id`,`era`,`nationality`,`last_name`,`first_name`,`birth_date`,`death_date`) VALUES (34,'20th Century','Italian','Morricone','Ennio','1928-11-10',NULL);
INSERT INTO `composers` (`composer_id`,`era`,`nationality`,`last_name`,`first_name`,`birth_date`,`death_date`) VALUES (35,'Contemporary','American','Whitacre','Eric','1970-01-02',NULL);
INSERT INTO `composers` (`composer_id`,`era`,`nationality`,`last_name`,`first_name`,`birth_date`,`death_date`) VALUES (36,'20th Century','French ','Satie','Erik','1866-05-17','1925-07-01');
INSERT INTO `composers` (`composer_id`,`era`,`nationality`,`last_name`,`first_name`,`birth_date`,`death_date`) VALUES (37,'Romantic','German ','Mendelssohn','Felix','1809-02-03','1847-11-04');
INSERT INTO `composers` (`composer_id`,`era`,`nationality`,`last_name`,`first_name`,`birth_date`,`death_date`) VALUES (38,'20th Century','American ','Zappa','Frank','1940-12-21','1993-12-04');
INSERT INTO `composers` (`composer_id`,`era`,`nationality`,`last_name`,`first_name`,`birth_date`,`death_date`) VALUES (39,'Romantic','Hungarian','Liszt','Franz','1811-10-22','1886-07-31');
INSERT INTO `composers` (`composer_id`,`era`,`nationality`,`last_name`,`first_name`,`birth_date`,`death_date`) VALUES (40,'Romantic','Austrian ','Schubert','Franz','1797-01-31','1828-11-19');
INSERT INTO `composers` (`composer_id`,`era`,`nationality`,`last_name`,`first_name`,`birth_date`,`death_date`) VALUES (41,'Romantic','Polish','Chopin','Frederic','1810-03-01','1849-10-17');
INSERT INTO `composers` (`composer_id`,`era`,`nationality`,`last_name`,`first_name`,`birth_date`,`death_date`) VALUES (42,'20th Century','French','Faure','Gabriel','1845-05-12','1924-11-04');
INSERT INTO `composers` (`composer_id`,`era`,`nationality`,`last_name`,`first_name`,`birth_date`,`death_date`) VALUES (43,'20th Century','Romanian','Enescu','George','1881-08-19','1955-05-04');
INSERT INTO `composers` (`composer_id`,`era`,`nationality`,`last_name`,`first_name`,`birth_date`,`death_date`) VALUES (44,'Baroque','British ','Handel','George Frideric','1685-02-23','1759-03-14');
INSERT INTO `composers` (`composer_id`,`era`,`nationality`,`last_name`,`first_name`,`birth_date`,`death_date`) VALUES (45,'20th Century','American ','Gershwin','George','1898-09-26','1937-07-11');
INSERT INTO `composers` (`composer_id`,`era`,`nationality`,`last_name`,`first_name`,`birth_date`,`death_date`) VALUES (46,'Romantic','French ','Bizet','Georges','1838-10-25','1875-06-03');
INSERT INTO `composers` (`composer_id`,`era`,`nationality`,`last_name`,`first_name`,`birth_date`,`death_date`) VALUES (47,'Post-Romantic','Italian ','Puccini','Giacomo','1858-12-22','1924-11-29');
INSERT INTO `composers` (`composer_id`,`era`,`nationality`,`last_name`,`first_name`,`birth_date`,`death_date`) VALUES (48,'20th Century','French','Bécaud','Gilbert','1927-10-24','2001-12-18');
INSERT INTO `composers` (`composer_id`,`era`,`nationality`,`last_name`,`first_name`,`birth_date`,`death_date`) VALUES (49,'Romantic','Italian ','Rossini','Gioachino','1792-02-29','1868-11-13');
INSERT INTO `composers` (`composer_id`,`era`,`nationality`,`last_name`,`first_name`,`birth_date`,`death_date`) VALUES (50,'Romantic','Italian','Verdi','Giuseppe','1813-10-10','1901-01-27');
INSERT INTO `composers` (`composer_id`,`era`,`nationality`,`last_name`,`first_name`,`birth_date`,`death_date`) VALUES (51,'20th Century','Bosnian ','Bregović','Goran','1950-03-22',NULL);
INSERT INTO `composers` (`composer_id`,`era`,`nationality`,`last_name`,`first_name`,`birth_date`,`death_date`) VALUES (52,'20th Century','English ','Holst','Gustav','1874-09-21','1934-05-25');
INSERT INTO `composers` (`composer_id`,`era`,`nationality`,`last_name`,`first_name`,`birth_date`,`death_date`) VALUES (53,'Post-Romantic','German ','Mahler','Gustav','1860-07-07','1911-05-18');
INSERT INTO `composers` (`composer_id`,`era`,`nationality`,`last_name`,`first_name`,`birth_date`,`death_date`) VALUES (54,'20th Century','German ','Zimmer','Hans','1957-09-12',NULL);
INSERT INTO `composers` (`composer_id`,`era`,`nationality`,`last_name`,`first_name`,`birth_date`,`death_date`) VALUES (55,'Contemporary','British ','Gregson-Williams','Harry','1961-12-13',NULL);
INSERT INTO `composers` (`composer_id`,`era`,`nationality`,`last_name`,`first_name`,`birth_date`,`death_date`) VALUES (56,'Romantic','French ','Berlioz','Hector','1803-12-11','1869-03-08');
INSERT INTO `composers` (`composer_id`,`era`,`nationality`,`last_name`,`first_name`,`birth_date`,`death_date`) VALUES (57,'20th Century','Brazilian','Villa-Lobos','Heitor','1887-03-05','1959-11-17');
INSERT INTO `composers` (`composer_id`,`era`,`nationality`,`last_name`,`first_name`,`birth_date`,`death_date`) VALUES (58,'Baroque','English ','Purcell','Henry','1659-09-10','1695-11-21');
INSERT INTO `composers` (`composer_id`,`era`,`nationality`,`last_name`,`first_name`,`birth_date`,`death_date`) VALUES (59,'20th Century','Canadian ','Shore','Howard','1946-10-18',NULL);
INSERT INTO `composers` (`composer_id`,`era`,`nationality`,`last_name`,`first_name`,`birth_date`,`death_date`) VALUES (60,'20th Century','Russian ','Stravinsky','Igor','1882-06-17','1971-04-06');
INSERT INTO `composers` (`composer_id`,`era`,`nationality`,`last_name`,`first_name`,`birth_date`,`death_date`) VALUES (61,'20th Century','American ','Berlin','Irving','1888-05-11','1989-09-22');
INSERT INTO `composers` (`composer_id`,`era`,`nationality`,`last_name`,`first_name`,`birth_date`,`death_date`) VALUES (62,'Post-Romantic','Spanish ','Albéniz','Isaac','1860-05-29','1909-05-18');
INSERT INTO `composers` (`composer_id`,`era`,`nationality`,`last_name`,`first_name`,`birth_date`,`death_date`) VALUES (63,'Baroque','French','Lully','Jean Baptiste','1632-11-28','1687-03-22');
INSERT INTO `composers` (`composer_id`,`era`,`nationality`,`last_name`,`first_name`,`birth_date`,`death_date`) VALUES (64,'Baroque','Genevan','Rousseau','Jean Jacques','1712-06-28','1778-07-02');
INSERT INTO `composers` (`composer_id`,`era`,`nationality`,`last_name`,`first_name`,`birth_date`,`death_date`) VALUES (65,'20th Century','Finnish','Sibelius','Jean','1865-12-08','1957-09-20');
INSERT INTO `composers` (`composer_id`,`era`,`nationality`,`last_name`,`first_name`,`birth_date`,`death_date`) VALUES (66,'Baroque','French ','Rameau','Jean-Philippe','1683-09-25','1764-09-12');
INSERT INTO `composers` (`composer_id`,`era`,`nationality`,`last_name`,`first_name`,`birth_date`,`death_date`) VALUES (67,'20th Century','American ','Goldsmith','Jerry','1929-02-10','2004-07-21');
INSERT INTO `composers` (`composer_id`,`era`,`nationality`,`last_name`,`first_name`,`birth_date`,`death_date`) VALUES (68,'20th Century','American ','Steinman','Jim','1947-11-01',NULL);
INSERT INTO `composers` (`composer_id`,`era`,`nationality`,`last_name`,`first_name`,`birth_date`,`death_date`) VALUES (69,'20th Century','Spanish','Rodrigo','Joaquin','1901-11-22','1999-07-06');
INSERT INTO `composers` (`composer_id`,`era`,`nationality`,`last_name`,`first_name`,`birth_date`,`death_date`) VALUES (70,'Contemporary','Japanese','Hisaishi','Joe','1950-12-06',NULL);
INSERT INTO `composers` (`composer_id`,`era`,`nationality`,`last_name`,`first_name`,`birth_date`,`death_date`) VALUES (71,'Baroque','German','Pachelbel','Johann','1653-09-01','1706-03-09');
INSERT INTO `composers` (`composer_id`,`era`,`nationality`,`last_name`,`first_name`,`birth_date`,`death_date`) VALUES (72,'Baroque','German ','Bach','Johann Sebastian','1685-03-31','1750-07-28');
INSERT INTO `composers` (`composer_id`,`era`,`nationality`,`last_name`,`first_name`,`birth_date`,`death_date`) VALUES (73,'Romantic','German ','Brahms','Johannes','1833-05-07','1897-04-03');
INSERT INTO `composers` (`composer_id`,`era`,`nationality`,`last_name`,`first_name`,`birth_date`,`death_date`) VALUES (74,'20th Century','English ','Barry','John','1933-11-03','2011-01-30');
INSERT INTO `composers` (`composer_id`,`era`,`nationality`,`last_name`,`first_name`,`birth_date`,`death_date`) VALUES (75,'20th Century','American ','Cage','John','1912-09-05','1992-08-12');
INSERT INTO `composers` (`composer_id`,`era`,`nationality`,`last_name`,`first_name`,`birth_date`,`death_date`) VALUES (76,'Renaissance','English ','Dowland','John','1563-09-15','1626-02-20');
INSERT INTO `composers` (`composer_id`,`era`,`nationality`,`last_name`,`first_name`,`birth_date`,`death_date`) VALUES (77,'20th Century','American ','Sousa','John Philip','1854-11-06','1932-03-06');
INSERT INTO `composers` (`composer_id`,`era`,`nationality`,`last_name`,`first_name`,`birth_date`,`death_date`) VALUES (78,'Contemporary','English','Powell','John','1963-09-18',NULL);
INSERT INTO `composers` (`composer_id`,`era`,`nationality`,`last_name`,`first_name`,`birth_date`,`death_date`) VALUES (79,'20th Century','English','Rutter','John','1945-09-24',NULL);
INSERT INTO `composers` (`composer_id`,`era`,`nationality`,`last_name`,`first_name`,`birth_date`,`death_date`) VALUES (80,'20th Century','English','Tavener','John','1944-01-28','2013-11-12');
INSERT INTO `composers` (`composer_id`,`era`,`nationality`,`last_name`,`first_name`,`birth_date`,`death_date`) VALUES (81,'20th Century','American ','Williams','John','1932-02-08',NULL);
INSERT INTO `composers` (`composer_id`,`era`,`nationality`,`last_name`,`first_name`,`birth_date`,`death_date`) VALUES (82,'Contemporary','American','Zorn','John','1953-09-02',NULL);
INSERT INTO `composers` (`composer_id`,`era`,`nationality`,`last_name`,`first_name`,`birth_date`,`death_date`) VALUES (83,'Classical','Austrian','Haydn','Franz Joseph','1732-03-31','1809-05-31');
INSERT INTO `composers` (`composer_id`,`era`,`nationality`,`last_name`,`first_name`,`birth_date`,`death_date`) VALUES (84,'Romantic','Mexican','Rosas','Juventino','1868-01-25','1894-07-09');
INSERT INTO `composers` (`composer_id`,`era`,`nationality`,`last_name`,`first_name`,`birth_date`,`death_date`) VALUES (85,'20th Century','Welsh','Jenkins','Karl','1944-02-17',NULL);
INSERT INTO `composers` (`composer_id`,`era`,`nationality`,`last_name`,`first_name`,`birth_date`,`death_date`) VALUES (86,'20th Century','German ','Stockhausen','Karlheinz','1928-08-22','2007-12-05');
INSERT INTO `composers` (`composer_id`,`era`,`nationality`,`last_name`,`first_name`,`birth_date`,`death_date`) VALUES (87,'Contemporary','German ','Badelt','Klaus','1967-06-12',NULL);
INSERT INTO `composers` (`composer_id`,`era`,`nationality`,`last_name`,`first_name`,`birth_date`,`death_date`) VALUES (88,'Contemporary','Japanese ','Kondo','Koji','1961-08-13',NULL);
INSERT INTO `composers` (`composer_id`,`era`,`nationality`,`last_name`,`first_name`,`birth_date`,`death_date`) VALUES (89,'20th Century','Polish ','Penderecki','Krzysztof','1933-11-23',NULL);
INSERT INTO `composers` (`composer_id`,`era`,`nationality`,`last_name`,`first_name`,`birth_date`,`death_date`) VALUES (90,'20th Century','German ','Weill','Kurt','1900-03-02','1950-04-03');
INSERT INTO `composers` (`composer_id`,`era`,`nationality`,`last_name`,`first_name`,`birth_date`,`death_date`) VALUES (91,'20th Century','American ','Young','La Monte','1935-10-14',NULL);
INSERT INTO `composers` (`composer_id`,`era`,`nationality`,`last_name`,`first_name`,`birth_date`,`death_date`) VALUES (92,'20th Century','American ','Bernstein','Leonard','1918-08-25','1990-10-14');
INSERT INTO `composers` (`composer_id`,`era`,`nationality`,`last_name`,`first_name`,`birth_date`,`death_date`) VALUES (93,'20th Century','Italian','Einaudi','Ludovico','1955-11-23',NULL);
INSERT INTO `composers` (`composer_id`,`era`,`nationality`,`last_name`,`first_name`,`birth_date`,`death_date`) VALUES (94,'Classical','German ','Van Beethoven','Ludwig','1770-12-17','1827-03-26');
INSERT INTO `composers` (`composer_id`,`era`,`nationality`,`last_name`,`first_name`,`birth_date`,`death_date`) VALUES (95,'20th Century','Spanish','De Falla','Manuel','1876-11-23','1946-11-14');
INSERT INTO `composers` (`composer_id`,`era`,`nationality`,`last_name`,`first_name`,`birth_date`,`death_date`) VALUES (96,'Contemporary','American ','Hamlisch','Marvin','1944-06-02','2012-08-06');
INSERT INTO `composers` (`composer_id`,`era`,`nationality`,`last_name`,`first_name`,`birth_date`,`death_date`) VALUES (97,'20th Century','French','Ravel','Maurice','1875-03-07','1937-12-28');
INSERT INTO `composers` (`composer_id`,`era`,`nationality`,`last_name`,`first_name`,`birth_date`,`death_date`) VALUES (98,'Contemporary','American ','Giacchino','Michael','1967-10-10',NULL);
INSERT INTO `composers` (`composer_id`,`era`,`nationality`,`last_name`,`first_name`,`birth_date`,`death_date`) VALUES (99,'20th Century','American ','Kamen','Michael','1948-04-15','2003-11-18');
INSERT INTO `composers` (`composer_id`,`era`,`nationality`,`last_name`,`first_name`,`birth_date`,`death_date`) VALUES (100,'20th Century','English ','Nyman','Michael','1944-03-23',NULL);
INSERT INTO `composers` (`composer_id`,`era`,`nationality`,`last_name`,`first_name`,`birth_date`,`death_date`) VALUES (101,'20th Century','French ','Legrand','Michel','1932-02-24',NULL);
INSERT INTO `composers` (`composer_id`,`era`,`nationality`,`last_name`,`first_name`,`birth_date`,`death_date`) VALUES (102,'Contemporary','English ','Oldfield','Mike','1953-05-15',NULL);
INSERT INTO `composers` (`composer_id`,`era`,`nationality`,`last_name`,`first_name`,`birth_date`,`death_date`) VALUES (103,'Romantic','Italian ','Paganini','Niccolò','1782-10-27','1840-05-27');
INSERT INTO `composers` (`composer_id`,`era`,`nationality`,`last_name`,`first_name`,`birth_date`,`death_date`) VALUES (104,'20th Century','Italian ','Rota','Nino','1911-12-03','1979-04-10');
INSERT INTO `composers` (`composer_id`,`era`,`nationality`,`last_name`,`first_name`,`birth_date`,`death_date`) VALUES (105,'Contemporary','Japanese ','Uematsu','Nobuo','1959-03-21',NULL);
INSERT INTO `composers` (`composer_id`,`era`,`nationality`,`last_name`,`first_name`,`birth_date`,`death_date`) VALUES (106,'20th Century','French ','Messiaen','Olivier','1908-12-10','1992-04-27');
INSERT INTO `composers` (`composer_id`,`era`,`nationality`,`last_name`,`first_name`,`birth_date`,`death_date`) VALUES (107,'20th Century','American ','Glass','Philip','1937-01-31',NULL);
INSERT INTO `composers` (`composer_id`,`era`,`nationality`,`last_name`,`first_name`,`birth_date`,`death_date`) VALUES (108,'20th Century','French ','Boulez','Pierre','1925-03-26',NULL);
INSERT INTO `composers` (`composer_id`,`era`,`nationality`,`last_name`,`first_name`,`birth_date`,`death_date`) VALUES (109,'Romantic','Russian','Tchaikovsky','Pyotr Ilyich','1840-05-07','1893-11-06');
INSERT INTO `composers` (`composer_id`,`era`,`nationality`,`last_name`,`first_name`,`birth_date`,`death_date`) VALUES (110,'20th Century','English ','Vaughan Williams','Ralph','1872-10-12','1958-08-26');
INSERT INTO `composers` (`composer_id`,`era`,`nationality`,`last_name`,`first_name`,`birth_date`,`death_date`) VALUES (111,'21st Century','German-Iranian','Djawadi','Ramin','1974-07-19',NULL);
INSERT INTO `composers` (`composer_id`,`era`,`nationality`,`last_name`,`first_name`,`birth_date`,`death_date`) VALUES (112,'Post-Romantic','German ','Strauss','Richard','1864-06-11','1949-09-08');
INSERT INTO `composers` (`composer_id`,`era`,`nationality`,`last_name`,`first_name`,`birth_date`,`death_date`) VALUES (113,'Romantic','German ','Wagner','Richard','1813-05-22','1883-02-13');
INSERT INTO `composers` (`composer_id`,`era`,`nationality`,`last_name`,`first_name`,`birth_date`,`death_date`) VALUES (114,'Romantic','German ','Schumann','Robert','1810-06-08','1856-07-29');
INSERT INTO `composers` (`composer_id`,`era`,`nationality`,`last_name`,`first_name`,`birth_date`,`death_date`) VALUES (115,'20th Century','American ','Barber','Samuel','1910-03-09','1981-01-23');
INSERT INTO `composers` (`composer_id`,`era`,`nationality`,`last_name`,`first_name`,`birth_date`,`death_date`) VALUES (116,'Modern','American ','Joplin','Scott','1867-01-01','1917-04-01');
INSERT INTO `composers` (`composer_id`,`era`,`nationality`,`last_name`,`first_name`,`birth_date`,`death_date`) VALUES (117,'20th Century','Russian','Prokofiev','Sergei','1891-04-27','1953-03-05');
INSERT INTO `composers` (`composer_id`,`era`,`nationality`,`last_name`,`first_name`,`birth_date`,`death_date`) VALUES (118,'20th Century','American ','Sondheim','Stephen','1930-03-22',NULL);
INSERT INTO `composers` (`composer_id`,`era`,`nationality`,`last_name`,`first_name`,`birth_date`,`death_date`) VALUES (119,'Contemporary','American ','Jablonsky','Steve','1970-10-09',NULL);
INSERT INTO `composers` (`composer_id`,`era`,`nationality`,`last_name`,`first_name`,`birth_date`,`death_date`) VALUES (120,'20th Century','American ','Reich','Steve','1936-10-03',NULL);
INSERT INTO `composers` (`composer_id`,`era`,`nationality`,`last_name`,`first_name`,`birth_date`,`death_date`) VALUES (121,'20th Century','American ','Riley','Terry','1935-06-24',NULL);
INSERT INTO `composers` (`composer_id`,`era`,`nationality`,`last_name`,`first_name`,`birth_date`,`death_date`) VALUES (122,'Renaissance','English','Tallis','Thomas','1505-01-01','1585-12-03');
INSERT INTO `composers` (`composer_id`,`era`,`nationality`,`last_name`,`first_name`,`birth_date`,`death_date`) VALUES (123,'20th Century','American ','Handy','W. C.','1873-11-16','1958-03-28');
INSERT INTO `composers` (`composer_id`,`era`,`nationality`,`last_name`,`first_name`,`birth_date`,`death_date`) VALUES (124,'Baroque','English ','Byrd','William','1543-01-01','1623-07-04');
INSERT INTO `composers` (`composer_id`,`era`,`nationality`,`last_name`,`first_name`,`birth_date`,`death_date`) VALUES (125,'Contemporary','Belgian ','Mertens','Wim','1953-05-14',NULL);
INSERT INTO `composers` (`composer_id`,`era`,`nationality`,`last_name`,`first_name`,`birth_date`,`death_date`) VALUES (126,'Classical','Austrian','Mozart','Wolfgang Amadeus','1756-01-27','1791-12-05');
INSERT INTO `composers` (`composer_id`,`era`,`nationality`,`last_name`,`first_name`,`birth_date`,`death_date`) VALUES (127,'Contemporary','Japanese ','Kanno','Yoko','1964-03-19',NULL);
INSERT INTO `composers` (`composer_id`,`era`,`nationality`,`last_name`,`first_name`,`birth_date`,`death_date`) VALUES (128,'20th Century','Czech ','Janáček','Leoš','1854-07-03','1928-08-12');

CREATE TABLE `works` (
  `work_id` int NOT NULL AUTO_INCREMENT,
  `composer_id` int DEFAULT NULL,
  `work_type_id` int DEFAULT NULL,
  `title` varchar(50) DEFAULT NULL,
  `key` varchar(20) DEFAULT NULL,
  `opus_no` varchar(50) DEFAULT NULL,
  `work_no` int DEFAULT NULL,
  `name` varchar(50) DEFAULT NULL,
  `completion_year` int DEFAULT NULL,
  PRIMARY KEY (`work_id`)
);

INSERT INTO `works` (`work_id`,`composer_id`,`work_type_id`,`title`,`key`,`opus_no`,`work_no`,`name`,`completion_year`) VALUES (1,94,12,'String Quartet No. 1','F major','Op. 18',1,'',NULL);
INSERT INTO `works` (`work_id`,`composer_id`,`work_type_id`,`title`,`key`,`opus_no`,`work_no`,`name`,`completion_year`) VALUES (2,94,12,'String Quartet No. 2','G major','Op. 18',2,'',NULL);
INSERT INTO `works` (`work_id`,`composer_id`,`work_type_id`,`title`,`key`,`opus_no`,`work_no`,`name`,`completion_year`) VALUES (3,94,12,'String Quartet No. 3','D major','Op. 18',3,'',NULL);
INSERT INTO `works` (`work_id`,`composer_id`,`work_type_id`,`title`,`key`,`opus_no`,`work_no`,`name`,`completion_year`) VALUES (4,94,12,'String Quartet No. 4','C major','Op. 18',4,'',NULL);
INSERT INTO `works` (`work_id`,`composer_id`,`work_type_id`,`title`,`key`,`opus_no`,`work_no`,`name`,`completion_year`) VALUES (5,94,12,'String Quartet No. 5','A major','Op. 18',5,'',NULL);
INSERT INTO `works` (`work_id`,`composer_id`,`work_type_id`,`title`,`key`,`opus_no`,`work_no`,`name`,`completion_year`) VALUES (6,94,12,'String Quartet No. 6','B flat major','Op. 18',6,'',NULL);
INSERT INTO `works` (`work_id`,`composer_id`,`work_type_id`,`title`,`key`,`opus_no`,`work_no`,`name`,`completion_year`) VALUES (7,94,12,'String Quartet No. 7','F major','Op. 59',1,'Rasumovsky',NULL);
INSERT INTO `works` (`work_id`,`composer_id`,`work_type_id`,`title`,`key`,`opus_no`,`work_no`,`name`,`completion_year`) VALUES (8,94,12,'String Quartet No. 8','E major','Op. 59',2,'Rasumovsky',NULL);
INSERT INTO `works` (`work_id`,`composer_id`,`work_type_id`,`title`,`key`,`opus_no`,`work_no`,`name`,`completion_year`) VALUES (9,94,12,'String Quartet No. 9','C major','Op. 59',3,'Rasumovsky',NULL);
INSERT INTO `works` (`work_id`,`composer_id`,`work_type_id`,`title`,`key`,`opus_no`,`work_no`,`name`,`completion_year`) VALUES (10,94,12,'String Quartet No. 10','E flat major','Op. 74',NULL,'Harp',NULL);
INSERT INTO `works` (`work_id`,`composer_id`,`work_type_id`,`title`,`key`,`opus_no`,`work_no`,`name`,`completion_year`) VALUES (11,94,12,'String Quartet No. 11','F minor','Op. 95',NULL,'Serioso',NULL);
INSERT INTO `works` (`work_id`,`composer_id`,`work_type_id`,`title`,`key`,`opus_no`,`work_no`,`name`,`completion_year`) VALUES (12,94,12,'String Quartet No. 12','E flat major','Op. 127',NULL,'',NULL);
INSERT INTO `works` (`work_id`,`composer_id`,`work_type_id`,`title`,`key`,`opus_no`,`work_no`,`name`,`completion_year`) VALUES (13,94,12,'String Quartet No. 13','B flat major','Op. 130',NULL,'',NULL);
INSERT INTO `works` (`work_id`,`composer_id`,`work_type_id`,`title`,`key`,`opus_no`,`work_no`,`name`,`completion_year`) VALUES (14,94,12,'String Quartet No. 14','C sharp minor','Op. 131',NULL,'',NULL);
INSERT INTO `works` (`work_id`,`composer_id`,`work_type_id`,`title`,`key`,`opus_no`,`work_no`,`name`,`completion_year`) VALUES (15,94,12,'String Quartet No. 15','A minor','Op. 132',NULL,'',NULL);
INSERT INTO `works` (`work_id`,`composer_id`,`work_type_id`,`title`,`key`,`opus_no`,`work_no`,`name`,`completion_year`) VALUES (16,94,12,'Große Fuge','B flat major','Op. 133',NULL,'The Great Flight',NULL);
INSERT INTO `works` (`work_id`,`composer_id`,`work_type_id`,`title`,`key`,`opus_no`,`work_no`,`name`,`completion_year`) VALUES (17,94,12,'String Quartet No. 16','F major','Op. 135',NULL,'',NULL);
INSERT INTO `works` (`work_id`,`composer_id`,`work_type_id`,`title`,`key`,`opus_no`,`work_no`,`name`,`completion_year`) VALUES (18,94,7,'Septet','E flate major','Op. 20',NULL,'',1800);
INSERT INTO `works` (`work_id`,`composer_id`,`work_type_id`,`title`,`key`,`opus_no`,`work_no`,`name`,`completion_year`) VALUES (19,73,12,'String Quartet No. 1','C minor','Op. 51',1,'',NULL);
INSERT INTO `works` (`work_id`,`composer_id`,`work_type_id`,`title`,`key`,`opus_no`,`work_no`,`name`,`completion_year`) VALUES (20,73,12,'String Quartet No. 2','A minor','Op. 51',2,'',NULL);
INSERT INTO `works` (`work_id`,`composer_id`,`work_type_id`,`title`,`key`,`opus_no`,`work_no`,`name`,`completion_year`) VALUES (21,73,12,'String Quartet No. 3','B flat major','Op. 67',NULL,'',NULL);
INSERT INTO `works` (`work_id`,`composer_id`,`work_type_id`,`title`,`key`,`opus_no`,`work_no`,`name`,`completion_year`) VALUES (22,73,13,'String Quintet No. 1','F major','Op. 88',NULL,'',NULL);
INSERT INTO `works` (`work_id`,`composer_id`,`work_type_id`,`title`,`key`,`opus_no`,`work_no`,`name`,`completion_year`) VALUES (23,73,13,'String Quintet No. 2','G major','Op. 111',NULL,'',NULL);
INSERT INTO `works` (`work_id`,`composer_id`,`work_type_id`,`title`,`key`,`opus_no`,`work_no`,`name`,`completion_year`) VALUES (24,73,14,'String Sextet No. 1','B flat major','Op. 18',NULL,'',NULL);
INSERT INTO `works` (`work_id`,`composer_id`,`work_type_id`,`title`,`key`,`opus_no`,`work_no`,`name`,`completion_year`) VALUES (25,73,14,'String Sextet No. 2','G major','Op. 36',NULL,'',NULL);
INSERT INTO `works` (`work_id`,`composer_id`,`work_type_id`,`title`,`key`,`opus_no`,`work_no`,`name`,`completion_year`) VALUES (26,73,17,'Piano Quintet','F minor','Op. 34',NULL,'',NULL);
INSERT INTO `works` (`work_id`,`composer_id`,`work_type_id`,`title`,`key`,`opus_no`,`work_no`,`name`,`completion_year`) VALUES (27,73,21,'Clarinet Quintet','B minor','Op. 115',NULL,'',NULL);
INSERT INTO `works` (`work_id`,`composer_id`,`work_type_id`,`title`,`key`,`opus_no`,`work_no`,`name`,`completion_year`) VALUES (28,73,19,'Clarinet Trio','A minor','Op. 114',NULL,'',NULL);
INSERT INTO `works` (`work_id`,`composer_id`,`work_type_id`,`title`,`key`,`opus_no`,`work_no`,`name`,`completion_year`) VALUES (29,73,16,'Piano Quartet No. 1','G minor','Op. 25',NULL,'',1859);
INSERT INTO `works` (`work_id`,`composer_id`,`work_type_id`,`title`,`key`,`opus_no`,`work_no`,`name`,`completion_year`) VALUES (30,73,16,'Piano Quartet No. 2','A major','Op. 26',NULL,'',1862);
INSERT INTO `works` (`work_id`,`composer_id`,`work_type_id`,`title`,`key`,`opus_no`,`work_no`,`name`,`completion_year`) VALUES (31,73,16,'Piano Quartet No. 3','C minor','Op. 60',NULL,'',1875);
INSERT INTO `works` (`work_id`,`composer_id`,`work_type_id`,`title`,`key`,`opus_no`,`work_no`,`name`,`completion_year`) VALUES (32,126,32,'Flute Quartet No. 1','D major','K. 285',NULL,'',NULL);
INSERT INTO `works` (`work_id`,`composer_id`,`work_type_id`,`title`,`key`,`opus_no`,`work_no`,`name`,`completion_year`) VALUES (33,126,32,'Flute Quartet No. 2','G major','K. 285a',NULL,'',NULL);
INSERT INTO `works` (`work_id`,`composer_id`,`work_type_id`,`title`,`key`,`opus_no`,`work_no`,`name`,`completion_year`) VALUES (34,126,32,'Flute Quartet No. 3','C major','K. 171',NULL,'',NULL);
INSERT INTO `works` (`work_id`,`composer_id`,`work_type_id`,`title`,`key`,`opus_no`,`work_no`,`name`,`completion_year`) VALUES (35,126,32,'Flute Quartet No. 4','A major','K. 298',NULL,'',NULL);
INSERT INTO `works` (`work_id`,`composer_id`,`work_type_id`,`title`,`key`,`opus_no`,`work_no`,`name`,`completion_year`) VALUES (36,126,21,'Clarinet Quintet','A major','K. 581',NULL,'',NULL);
INSERT INTO `works` (`work_id`,`composer_id`,`work_type_id`,`title`,`key`,`opus_no`,`work_no`,`name`,`completion_year`) VALUES (37,126,31,'Horn Quintet','E flat major','K. 407',NULL,'',NULL);
INSERT INTO `works` (`work_id`,`composer_id`,`work_type_id`,`title`,`key`,`opus_no`,`work_no`,`name`,`completion_year`) VALUES (38,126,33,'Oboe Quartet','F major','K. 370',NULL,'',NULL);
INSERT INTO `works` (`work_id`,`composer_id`,`work_type_id`,`title`,`key`,`opus_no`,`work_no`,`name`,`completion_year`) VALUES (39,126,16,'Piano Quartet No. 1','G minor','K. 478',NULL,'',NULL);
INSERT INTO `works` (`work_id`,`composer_id`,`work_type_id`,`title`,`key`,`opus_no`,`work_no`,`name`,`completion_year`) VALUES (40,126,16,'Piano Quartet No. 2','E flat major','K. 493',NULL,'',NULL);
INSERT INTO `works` (`work_id`,`composer_id`,`work_type_id`,`title`,`key`,`opus_no`,`work_no`,`name`,`completion_year`) VALUES (41,126,34,'String Duo No. 1','G major','K. 423',NULL,'',NULL);
INSERT INTO `works` (`work_id`,`composer_id`,`work_type_id`,`title`,`key`,`opus_no`,`work_no`,`name`,`completion_year`) VALUES (42,126,34,'String Duo No. 2','B flat major','K. 424',NULL,'',NULL);
INSERT INTO `works` (`work_id`,`composer_id`,`work_type_id`,`title`,`key`,`opus_no`,`work_no`,`name`,`completion_year`) VALUES (43,126,10,'Divertimento','B flat major','K. 186 / 159b',NULL,'',1773);
INSERT INTO `works` (`work_id`,`composer_id`,`work_type_id`,`title`,`key`,`opus_no`,`work_no`,`name`,`completion_year`) VALUES (44,126,10,'Divertimento','E flat major','K. 166 / 159d',NULL,'',1773);
INSERT INTO `works` (`work_id`,`composer_id`,`work_type_id`,`title`,`key`,`opus_no`,`work_no`,`name`,`completion_year`) VALUES (45,19,7,'Septet','E flat major','Op. 65',NULL,'',1880);
INSERT INTO `works` (`work_id`,`composer_id`,`work_type_id`,`title`,`key`,`opus_no`,`work_no`,`name`,`completion_year`) VALUES (46,41,15,'Piano Trio','G minor','Op. 8',NULL,'',NULL);
INSERT INTO `works` (`work_id`,`composer_id`,`work_type_id`,`title`,`key`,`opus_no`,`work_no`,`name`,`completion_year`) VALUES (47,109,15,'Piano Trio','A minor','Op. 50',NULL,'',NULL);
INSERT INTO `works` (`work_id`,`composer_id`,`work_type_id`,`title`,`key`,`opus_no`,`work_no`,`name`,`completion_year`) VALUES (48,7,24,'Violin Sonata','F major','Op. 57 / B. 106',NULL,'',NULL);
INSERT INTO `works` (`work_id`,`composer_id`,`work_type_id`,`title`,`key`,`opus_no`,`work_no`,`name`,`completion_year`) VALUES (49,7,24,'Violin Sonatina','G major','Op. 100 / B. 183',NULL,'',NULL);
INSERT INTO `works` (`work_id`,`composer_id`,`work_type_id`,`title`,`key`,`opus_no`,`work_no`,`name`,`completion_year`) VALUES (50,7,14,'String Sextet','A major','Op. 48 / B. 80',NULL,'',NULL);
INSERT INTO `works` (`work_id`,`composer_id`,`work_type_id`,`title`,`key`,`opus_no`,`work_no`,`name`,`completion_year`) VALUES (51,7,13,'String Quintet No. 1','A minor','Op. 1 / B. 7',NULL,'',NULL);
INSERT INTO `works` (`work_id`,`composer_id`,`work_type_id`,`title`,`key`,`opus_no`,`work_no`,`name`,`completion_year`) VALUES (52,7,13,'String Quintet No. 2','G major','Op. 77 / B. 49',NULL,'',NULL);
INSERT INTO `works` (`work_id`,`composer_id`,`work_type_id`,`title`,`key`,`opus_no`,`work_no`,`name`,`completion_year`) VALUES (53,7,13,'String Quintet No. 3','E flat major','Op. 97 / B. 180',NULL,'',NULL);
INSERT INTO `works` (`work_id`,`composer_id`,`work_type_id`,`title`,`key`,`opus_no`,`work_no`,`name`,`completion_year`) VALUES (54,7,15,'Piano Trio No. 1','B flat major','B. 51',NULL,'',1875);
INSERT INTO `works` (`work_id`,`composer_id`,`work_type_id`,`title`,`key`,`opus_no`,`work_no`,`name`,`completion_year`) VALUES (55,7,15,'Piano Trio No. 2','G minor','B. 56',NULL,'',1876);
INSERT INTO `works` (`work_id`,`composer_id`,`work_type_id`,`title`,`key`,`opus_no`,`work_no`,`name`,`completion_year`) VALUES (56,7,15,'Piano Trio No. 3','F minor','B. 130',NULL,'',1883);
INSERT INTO `works` (`work_id`,`composer_id`,`work_type_id`,`title`,`key`,`opus_no`,`work_no`,`name`,`completion_year`) VALUES (57,7,15,'Piano Trio No. 4','E minor','B. 166',NULL,'Dumky',1891);
INSERT INTO `works` (`work_id`,`composer_id`,`work_type_id`,`title`,`key`,`opus_no`,`work_no`,`name`,`completion_year`) VALUES (58,7,17,'Piano Quintet No. 1','A major','Op. 5 / B. 28',NULL,'',1872);
INSERT INTO `works` (`work_id`,`composer_id`,`work_type_id`,`title`,`key`,`opus_no`,`work_no`,`name`,`completion_year`) VALUES (59,7,17,'Piano Quintet No. 2','A major','Op. 81 / B. 155',NULL,'',1887);
INSERT INTO `works` (`work_id`,`composer_id`,`work_type_id`,`title`,`key`,`opus_no`,`work_no`,`name`,`completion_year`) VALUES (60,7,16,'Piano Quartet No. 1','D major','Op. 23 / B. 53',NULL,'',1875);
INSERT INTO `works` (`work_id`,`composer_id`,`work_type_id`,`title`,`key`,`opus_no`,`work_no`,`name`,`completion_year`) VALUES (61,7,16,'Piano Quartet No. 2','E flat major','Op. 87 / B. 162',NULL,'',1889);
INSERT INTO `works` (`work_id`,`composer_id`,`work_type_id`,`title`,`key`,`opus_no`,`work_no`,`name`,`completion_year`) VALUES (62,7,4,'Bagatelles',NULL,'Op. 47',NULL,'',1878);
INSERT INTO `works` (`work_id`,`composer_id`,`work_type_id`,`title`,`key`,`opus_no`,`work_no`,`name`,`completion_year`) VALUES (63,7,12,'String Quartet No. 1','A major','B. 8',NULL,'',1862);
INSERT INTO `works` (`work_id`,`composer_id`,`work_type_id`,`title`,`key`,`opus_no`,`work_no`,`name`,`completion_year`) VALUES (64,7,12,'String Quartet No. 2','B flat major','B. 17',NULL,'',1869);
INSERT INTO `works` (`work_id`,`composer_id`,`work_type_id`,`title`,`key`,`opus_no`,`work_no`,`name`,`completion_year`) VALUES (65,7,12,'String Quartet No. 3','D major','B. 18',NULL,'',1869);
INSERT INTO `works` (`work_id`,`composer_id`,`work_type_id`,`title`,`key`,`opus_no`,`work_no`,`name`,`completion_year`) VALUES (66,7,12,'String Quartet No. 4','E minor','B. 19',NULL,'',1870);
INSERT INTO `works` (`work_id`,`composer_id`,`work_type_id`,`title`,`key`,`opus_no`,`work_no`,`name`,`completion_year`) VALUES (67,7,12,'String Quartet No. 5','F minor','B. 37',NULL,'',1873);
INSERT INTO `works` (`work_id`,`composer_id`,`work_type_id`,`title`,`key`,`opus_no`,`work_no`,`name`,`completion_year`) VALUES (68,7,12,'String Quartet No. 6','A minor','B. 40',NULL,'',1873);
INSERT INTO `works` (`work_id`,`composer_id`,`work_type_id`,`title`,`key`,`opus_no`,`work_no`,`name`,`completion_year`) VALUES (69,7,12,'String Quartet No. 7','A minor','B. 45',NULL,'',1874);
INSERT INTO `works` (`work_id`,`composer_id`,`work_type_id`,`title`,`key`,`opus_no`,`work_no`,`name`,`completion_year`) VALUES (70,7,12,'String Quartet No. 8','E major','B. 57',NULL,'',1876);
INSERT INTO `works` (`work_id`,`composer_id`,`work_type_id`,`title`,`key`,`opus_no`,`work_no`,`name`,`completion_year`) VALUES (71,7,12,'String Quartet No. 9','D minor','B. 75',NULL,'',1877);
INSERT INTO `works` (`work_id`,`composer_id`,`work_type_id`,`title`,`key`,`opus_no`,`work_no`,`name`,`completion_year`) VALUES (72,7,12,'String Quartet No. 10','E flat major','B. 92',NULL,'Slavonic',1879);
INSERT INTO `works` (`work_id`,`composer_id`,`work_type_id`,`title`,`key`,`opus_no`,`work_no`,`name`,`completion_year`) VALUES (73,7,12,'String Quartet No. 11','C major','B. 121',NULL,'',1881);
INSERT INTO `works` (`work_id`,`composer_id`,`work_type_id`,`title`,`key`,`opus_no`,`work_no`,`name`,`completion_year`) VALUES (74,7,12,'String Quartet No. 12','F major','B. 179',NULL,'American',1893);
INSERT INTO `works` (`work_id`,`composer_id`,`work_type_id`,`title`,`key`,`opus_no`,`work_no`,`name`,`completion_year`) VALUES (75,7,12,'String Quartet No. 13','G major','B. 192',NULL,'',1895);
INSERT INTO `works` (`work_id`,`composer_id`,`work_type_id`,`title`,`key`,`opus_no`,`work_no`,`name`,`completion_year`) VALUES (76,7,12,'String Quartet No. 14','A flat major','B. 193',NULL,'',1895);
INSERT INTO `works` (`work_id`,`composer_id`,`work_type_id`,`title`,`key`,`opus_no`,`work_no`,`name`,`completion_year`) VALUES (77,7,12,'Cypresses Quartet',NULL,'B. 152',NULL,'',1887);
INSERT INTO `works` (`work_id`,`composer_id`,`work_type_id`,`title`,`key`,`opus_no`,`work_no`,`name`,`completion_year`) VALUES (78,7,12,'Quartet Movement','F major','B. 120',NULL,'',1881);
INSERT INTO `works` (`work_id`,`composer_id`,`work_type_id`,`title`,`key`,`opus_no`,`work_no`,`name`,`completion_year`) VALUES (79,7,12,'Andante Appassionato','F major','B. 40a',NULL,'',1873);
INSERT INTO `works` (`work_id`,`composer_id`,`work_type_id`,`title`,`key`,`opus_no`,`work_no`,`name`,`completion_year`) VALUES (80,7,1,'Ballade','D minor','Op. 15 / B. 139',NULL,'',1884);
INSERT INTO `works` (`work_id`,`composer_id`,`work_type_id`,`title`,`key`,`opus_no`,`work_no`,`name`,`completion_year`) VALUES (81,40,12,'Minuet for String Quartet','D major','D. 86',NULL,'',1813);
INSERT INTO `works` (`work_id`,`composer_id`,`work_type_id`,`title`,`key`,`opus_no`,`work_no`,`name`,`completion_year`) VALUES (82,40,12,'String Quartet No. 1','G minor/B flat major','D. 18',NULL,'',1811);
INSERT INTO `works` (`work_id`,`composer_id`,`work_type_id`,`title`,`key`,`opus_no`,`work_no`,`name`,`completion_year`) VALUES (83,40,12,'String Quartet No. 2','C major','D. 32',NULL,'',1812);
INSERT INTO `works` (`work_id`,`composer_id`,`work_type_id`,`title`,`key`,`opus_no`,`work_no`,`name`,`completion_year`) VALUES (84,40,12,'String Quartet No. 3','B flat major','D. 36',NULL,'',1813);
INSERT INTO `works` (`work_id`,`composer_id`,`work_type_id`,`title`,`key`,`opus_no`,`work_no`,`name`,`completion_year`) VALUES (85,40,12,'String Quartet No. 4','C major','D. 46',NULL,'',1813);
INSERT INTO `works` (`work_id`,`composer_id`,`work_type_id`,`title`,`key`,`opus_no`,`work_no`,`name`,`completion_year`) VALUES (86,40,12,'String Quartet No. 5','B flat major','D. 68',NULL,'',1813);
INSERT INTO `works` (`work_id`,`composer_id`,`work_type_id`,`title`,`key`,`opus_no`,`work_no`,`name`,`completion_year`) VALUES (87,40,12,'String Quartet No. 6','D major','D. 74',NULL,'',1813);
INSERT INTO `works` (`work_id`,`composer_id`,`work_type_id`,`title`,`key`,`opus_no`,`work_no`,`name`,`completion_year`) VALUES (88,40,12,'String Quartet No. 7','D major','D. 94',NULL,'',1812);
INSERT INTO `works` (`work_id`,`composer_id`,`work_type_id`,`title`,`key`,`opus_no`,`work_no`,`name`,`completion_year`) VALUES (89,40,12,'String Quartet No. 8','B flat major','D. 112',NULL,'',1814);
INSERT INTO `works` (`work_id`,`composer_id`,`work_type_id`,`title`,`key`,`opus_no`,`work_no`,`name`,`completion_year`) VALUES (90,40,12,'String Quartet No. 9','G minor','D. 173',NULL,'',1815);
INSERT INTO `works` (`work_id`,`composer_id`,`work_type_id`,`title`,`key`,`opus_no`,`work_no`,`name`,`completion_year`) VALUES (91,40,12,'String Quartet No. 10','E flat major','D. 87',NULL,'',1813);
INSERT INTO `works` (`work_id`,`composer_id`,`work_type_id`,`title`,`key`,`opus_no`,`work_no`,`name`,`completion_year`) VALUES (92,40,12,'String Quartet No. 11','E major','D. 353',NULL,'',1816);
INSERT INTO `works` (`work_id`,`composer_id`,`work_type_id`,`title`,`key`,`opus_no`,`work_no`,`name`,`completion_year`) VALUES (93,40,12,'String Quartet No. 12','C minor','D. 703',NULL,'Quartettsatz',1820);
INSERT INTO `works` (`work_id`,`composer_id`,`work_type_id`,`title`,`key`,`opus_no`,`work_no`,`name`,`completion_year`) VALUES (94,40,12,'String Quartet No. 13','A minor','D. 804',NULL,'Rosamunde',1824);
INSERT INTO `works` (`work_id`,`composer_id`,`work_type_id`,`title`,`key`,`opus_no`,`work_no`,`name`,`completion_year`) VALUES (95,40,12,'String Quartet No. 14','D minor','D. 810',NULL,'Death and the Maiden',1824);
INSERT INTO `works` (`work_id`,`composer_id`,`work_type_id`,`title`,`key`,`opus_no`,`work_no`,`name`,`completion_year`) VALUES (96,40,12,'String Quartet No. 15','G major','D. 887',NULL,'',1826);
INSERT INTO `works` (`work_id`,`composer_id`,`work_type_id`,`title`,`key`,`opus_no`,`work_no`,`name`,`completion_year`) VALUES (97,40,12,'Five Minuets with Six Trios',NULL,'D. 89',NULL,'',1813);
INSERT INTO `works` (`work_id`,`composer_id`,`work_type_id`,`title`,`key`,`opus_no`,`work_no`,`name`,`completion_year`) VALUES (98,97,24,'Violin Sonata No. 1','A minor','M. 12',NULL,'',1897);
INSERT INTO `works` (`work_id`,`composer_id`,`work_type_id`,`title`,`key`,`opus_no`,`work_no`,`name`,`completion_year`) VALUES (99,97,24,'Violin Sonata No. 2','G major','M. 77',NULL,'',1927);
INSERT INTO `works` (`work_id`,`composer_id`,`work_type_id`,`title`,`key`,`opus_no`,`work_no`,`name`,`completion_year`) VALUES (100,97,1,'Sonata for Violin and Cello','A minor','M. 73',NULL,'',1922);
INSERT INTO `works` (`work_id`,`composer_id`,`work_type_id`,`title`,`key`,`opus_no`,`work_no`,`name`,`completion_year`) VALUES (101,97,15,'Piano Trio','A minor','M. 67',NULL,'',1914);
INSERT INTO `works` (`work_id`,`composer_id`,`work_type_id`,`title`,`key`,`opus_no`,`work_no`,`name`,`completion_year`) VALUES (102,97,12,'String Quartet','F major','M. 35',NULL,'',1903);
INSERT INTO `works` (`work_id`,`composer_id`,`work_type_id`,`title`,`key`,`opus_no`,`work_no`,`name`,`completion_year`) VALUES (103,97,7,'Introduction and Allegro','G flat major','M. 46',NULL,'',1905);
INSERT INTO `works` (`work_id`,`composer_id`,`work_type_id`,`title`,`key`,`opus_no`,`work_no`,`name`,`completion_year`) VALUES (104,114,24,'Violin Sonata No. 1','A minor','Op. 105',NULL,'',1851);
INSERT INTO `works` (`work_id`,`composer_id`,`work_type_id`,`title`,`key`,`opus_no`,`work_no`,`name`,`completion_year`) VALUES (105,114,24,'Violin Sonata No. 2','D minor','Op. 121',NULL,'',1851);
INSERT INTO `works` (`work_id`,`composer_id`,`work_type_id`,`title`,`key`,`opus_no`,`work_no`,`name`,`completion_year`) VALUES (106,114,1,'Adagio and Allegro','A flat major','Op. 70',NULL,'',1849);
INSERT INTO `works` (`work_id`,`composer_id`,`work_type_id`,`title`,`key`,`opus_no`,`work_no`,`name`,`completion_year`) VALUES (107,114,1,'Three Romances for Oboe and Piano',NULL,'Op. 94',NULL,'',1849);
INSERT INTO `works` (`work_id`,`composer_id`,`work_type_id`,`title`,`key`,`opus_no`,`work_no`,`name`,`completion_year`) VALUES (108,114,16,'Piano Quartet','E flat major','Op. 47',NULL,'',1842);
INSERT INTO `works` (`work_id`,`composer_id`,`work_type_id`,`title`,`key`,`opus_no`,`work_no`,`name`,`completion_year`) VALUES (109,114,17,'Piano Quintet','E flat major','Op. 44',NULL,'',1842);
INSERT INTO `works` (`work_id`,`composer_id`,`work_type_id`,`title`,`key`,`opus_no`,`work_no`,`name`,`completion_year`) VALUES (110,114,1,'Märchenbilder',NULL,'Op. 113',NULL,'',1851);
INSERT INTO `works` (`work_id`,`composer_id`,`work_type_id`,`title`,`key`,`opus_no`,`work_no`,`name`,`completion_year`) VALUES (111,114,1,'Fantasiestücke',NULL,'Op. 73',NULL,'',1849);
INSERT INTO `works` (`work_id`,`composer_id`,`work_type_id`,`title`,`key`,`opus_no`,`work_no`,`name`,`completion_year`) VALUES (112,114,1,'F-A-E Sonata',NULL,NULL,NULL,'',1853);
INSERT INTO `works` (`work_id`,`composer_id`,`work_type_id`,`title`,`key`,`opus_no`,`work_no`,`name`,`completion_year`) VALUES (113,75,12,'String Quartet in Four Parts',NULL,NULL,NULL,'',1950);
INSERT INTO `works` (`work_id`,`composer_id`,`work_type_id`,`title`,`key`,`opus_no`,`work_no`,`name`,`completion_year`) VALUES (114,83,12,'Quartet in B flat major','B Flat major','Op. 1',5,'',1764);
INSERT INTO `works` (`work_id`,`composer_id`,`work_type_id`,`title`,`key`,`opus_no`,`work_no`,`name`,`completion_year`) VALUES (115,83,12,'The Seven Last Words of our Saviour on the Cross',NULL,'Op. 51',NULL,'',1787);
INSERT INTO `works` (`work_id`,`composer_id`,`work_type_id`,`title`,`key`,`opus_no`,`work_no`,`name`,`completion_year`) VALUES (116,83,12,'String Quartet No. 1','B flat major','Op. 1',1,'La Chasse',1764);
INSERT INTO `works` (`work_id`,`composer_id`,`work_type_id`,`title`,`key`,`opus_no`,`work_no`,`name`,`completion_year`) VALUES (117,83,12,'String Quartet No. 2','E flat major','Op. 1',2,'',1764);
INSERT INTO `works` (`work_id`,`composer_id`,`work_type_id`,`title`,`key`,`opus_no`,`work_no`,`name`,`completion_year`) VALUES (118,83,12,'String Quartet No. 3','D major','Op. 1',3,'',1764);
INSERT INTO `works` (`work_id`,`composer_id`,`work_type_id`,`title`,`key`,`opus_no`,`work_no`,`name`,`completion_year`) VALUES (119,83,12,'String Quartet No. 4','G major','Op. 1',4,'',1764);
INSERT INTO `works` (`work_id`,`composer_id`,`work_type_id`,`title`,`key`,`opus_no`,`work_no`,`name`,`completion_year`) VALUES (120,83,12,'String Quartet No. 5','E flat major','Op. 1',0,'',1764);
INSERT INTO `works` (`work_id`,`composer_id`,`work_type_id`,`title`,`key`,`opus_no`,`work_no`,`name`,`completion_year`) VALUES (121,83,12,'String Quartet No. 6','C major','Op. 1',6,'',1764);
INSERT INTO `works` (`work_id`,`composer_id`,`work_type_id`,`title`,`key`,`opus_no`,`work_no`,`name`,`completion_year`) VALUES (122,83,12,'String Quartet No. 7','A major','Op. 2',1,'',1765);
INSERT INTO `works` (`work_id`,`composer_id`,`work_type_id`,`title`,`key`,`opus_no`,`work_no`,`name`,`completion_year`) VALUES (123,83,12,'String Quartet No. 8','E major','Op. 2',2,'',1765);
INSERT INTO `works` (`work_id`,`composer_id`,`work_type_id`,`title`,`key`,`opus_no`,`work_no`,`name`,`completion_year`) VALUES (124,83,12,'Quartet in E flat major','E flat major','Op. 2',3,'',1765);
INSERT INTO `works` (`work_id`,`composer_id`,`work_type_id`,`title`,`key`,`opus_no`,`work_no`,`name`,`completion_year`) VALUES (125,83,12,'String Quartet No. 9','F major','Op. 2',4,'',1765);
INSERT INTO `works` (`work_id`,`composer_id`,`work_type_id`,`title`,`key`,`opus_no`,`work_no`,`name`,`completion_year`) VALUES (126,83,12,'Quartet in D major','D major','Op. 2',5,'',1765);
INSERT INTO `works` (`work_id`,`composer_id`,`work_type_id`,`title`,`key`,`opus_no`,`work_no`,`name`,`completion_year`) VALUES (127,83,12,'String Quartet No. 10','B flat major','Op. 2',6,'',1765);
INSERT INTO `works` (`work_id`,`composer_id`,`work_type_id`,`title`,`key`,`opus_no`,`work_no`,`name`,`completion_year`) VALUES (128,83,12,'String Quartet No. 11','D minor','Op. 9',4,'',1769);
INSERT INTO `works` (`work_id`,`composer_id`,`work_type_id`,`title`,`key`,`opus_no`,`work_no`,`name`,`completion_year`) VALUES (129,83,12,'String Quartet No. 12','C major','Op. 9',1,'',1769);
INSERT INTO `works` (`work_id`,`composer_id`,`work_type_id`,`title`,`key`,`opus_no`,`work_no`,`name`,`completion_year`) VALUES (130,83,12,'String Quartet No. 13','G major','Op. 9',3,'',1769);
INSERT INTO `works` (`work_id`,`composer_id`,`work_type_id`,`title`,`key`,`opus_no`,`work_no`,`name`,`completion_year`) VALUES (131,83,12,'String Quartet No. 14','E flat  major','Op. 9',2,'',1769);
INSERT INTO `works` (`work_id`,`composer_id`,`work_type_id`,`title`,`key`,`opus_no`,`work_no`,`name`,`completion_year`) VALUES (132,83,12,'String Quartet No. 15','B flat  major','Op. 9',5,'',1769);
INSERT INTO `works` (`work_id`,`composer_id`,`work_type_id`,`title`,`key`,`opus_no`,`work_no`,`name`,`completion_year`) VALUES (133,83,12,'String Quartet No. 16','A major','Op. 9',6,'',1769);
INSERT INTO `works` (`work_id`,`composer_id`,`work_type_id`,`title`,`key`,`opus_no`,`work_no`,`name`,`completion_year`) VALUES (134,83,12,'String Quartet No. 17','F major','Op. 17',2,'',1771);
INSERT INTO `works` (`work_id`,`composer_id`,`work_type_id`,`title`,`key`,`opus_no`,`work_no`,`name`,`completion_year`) VALUES (135,83,12,'String Quartet No. 18','E major','Op. 17',1,'',1771);
INSERT INTO `works` (`work_id`,`composer_id`,`work_type_id`,`title`,`key`,`opus_no`,`work_no`,`name`,`completion_year`) VALUES (136,83,12,'String Quartet No. 19','C minor','Op. 17',4,'',1771);
INSERT INTO `works` (`work_id`,`composer_id`,`work_type_id`,`title`,`key`,`opus_no`,`work_no`,`name`,`completion_year`) VALUES (137,83,12,'String Quartet No. 20','D major','Op. 17',6,'',1771);
INSERT INTO `works` (`work_id`,`composer_id`,`work_type_id`,`title`,`key`,`opus_no`,`work_no`,`name`,`completion_year`) VALUES (138,83,12,'String Quartet No. 21','E flat  major','Op. 17',3,'',1771);
INSERT INTO `works` (`work_id`,`composer_id`,`work_type_id`,`title`,`key`,`opus_no`,`work_no`,`name`,`completion_year`) VALUES (139,83,12,'String Quartet No. 22','G major','Op. 17',5,'',1771);
INSERT INTO `works` (`work_id`,`composer_id`,`work_type_id`,`title`,`key`,`opus_no`,`work_no`,`name`,`completion_year`) VALUES (140,83,12,'String Quartet No. 23','F minor','Op. 20',5,'',1772);
INSERT INTO `works` (`work_id`,`composer_id`,`work_type_id`,`title`,`key`,`opus_no`,`work_no`,`name`,`completion_year`) VALUES (141,83,12,'String Quartet No. 24','A major','Op. 20',6,'',1772);
INSERT INTO `works` (`work_id`,`composer_id`,`work_type_id`,`title`,`key`,`opus_no`,`work_no`,`name`,`completion_year`) VALUES (142,83,12,'String Quartet No. 25','C major','Op. 20',2,'',1772);
INSERT INTO `works` (`work_id`,`composer_id`,`work_type_id`,`title`,`key`,`opus_no`,`work_no`,`name`,`completion_year`) VALUES (143,83,12,'String Quartet No. 26','G minor','Op. 20',3,'',1772);
INSERT INTO `works` (`work_id`,`composer_id`,`work_type_id`,`title`,`key`,`opus_no`,`work_no`,`name`,`completion_year`) VALUES (144,83,12,'String Quartet No. 27','D major','Op. 20',4,'',1772);
INSERT INTO `works` (`work_id`,`composer_id`,`work_type_id`,`title`,`key`,`opus_no`,`work_no`,`name`,`completion_year`) VALUES (145,83,12,'String Quartet No. 28','E flat major','Op. 20',1,'',1772);
INSERT INTO `works` (`work_id`,`composer_id`,`work_type_id`,`title`,`key`,`opus_no`,`work_no`,`name`,`completion_year`) VALUES (146,83,12,'String Quartet No. 29','G major','Op. 33',5,'How Do You Do?',1781);
INSERT INTO `works` (`work_id`,`composer_id`,`work_type_id`,`title`,`key`,`opus_no`,`work_no`,`name`,`completion_year`) VALUES (147,83,12,'String Quartet No. 30','E flat major','Op. 33',2,'The Joke',1781);
INSERT INTO `works` (`work_id`,`composer_id`,`work_type_id`,`title`,`key`,`opus_no`,`work_no`,`name`,`completion_year`) VALUES (148,83,12,'String Quartet No. 31','B minor','Op. 33',1,'',1781);
INSERT INTO `works` (`work_id`,`composer_id`,`work_type_id`,`title`,`key`,`opus_no`,`work_no`,`name`,`completion_year`) VALUES (149,83,12,'String Quartet No. 32','C major','Op. 33',3,'The Bird',1781);
INSERT INTO `works` (`work_id`,`composer_id`,`work_type_id`,`title`,`key`,`opus_no`,`work_no`,`name`,`completion_year`) VALUES (150,83,12,'String Quartet No. 33','D major','Op. 33',6,'',1781);
INSERT INTO `works` (`work_id`,`composer_id`,`work_type_id`,`title`,`key`,`opus_no`,`work_no`,`name`,`completion_year`) VALUES (151,83,12,'String Quartet No. 34','B flat major','Op. 33',4,'',1781);
INSERT INTO `works` (`work_id`,`composer_id`,`work_type_id`,`title`,`key`,`opus_no`,`work_no`,`name`,`completion_year`) VALUES (152,83,12,'String Quartet No. 35','D minor','Op. 42',NULL,'',1785);
INSERT INTO `works` (`work_id`,`composer_id`,`work_type_id`,`title`,`key`,`opus_no`,`work_no`,`name`,`completion_year`) VALUES (153,83,12,'String Quartet No. 36','B flat major','Op. 50',1,'',1787);
INSERT INTO `works` (`work_id`,`composer_id`,`work_type_id`,`title`,`key`,`opus_no`,`work_no`,`name`,`completion_year`) VALUES (154,83,12,'String Quartet No. 37','C major','Op. 50',2,'',1787);
INSERT INTO `works` (`work_id`,`composer_id`,`work_type_id`,`title`,`key`,`opus_no`,`work_no`,`name`,`completion_year`) VALUES (155,83,12,'String Quartet No. 38','E flat major','Op. 50',3,'',1787);
INSERT INTO `works` (`work_id`,`composer_id`,`work_type_id`,`title`,`key`,`opus_no`,`work_no`,`name`,`completion_year`) VALUES (156,83,12,'String Quartet No. 39','F sharp minor','Op. 50',4,'',1787);
INSERT INTO `works` (`work_id`,`composer_id`,`work_type_id`,`title`,`key`,`opus_no`,`work_no`,`name`,`completion_year`) VALUES (157,83,12,'String Quartet No. 40','F major','Op. 50',5,'Dream',1787);
INSERT INTO `works` (`work_id`,`composer_id`,`work_type_id`,`title`,`key`,`opus_no`,`work_no`,`name`,`completion_year`) VALUES (158,83,12,'String Quartet No. 41','D major','Op. 50',6,'The Frog',1787);
INSERT INTO `works` (`work_id`,`composer_id`,`work_type_id`,`title`,`key`,`opus_no`,`work_no`,`name`,`completion_year`) VALUES (159,83,12,'String Quartet No. 42','C major','Op. 54',2,'',1788);
INSERT INTO `works` (`work_id`,`composer_id`,`work_type_id`,`title`,`key`,`opus_no`,`work_no`,`name`,`completion_year`) VALUES (160,83,12,'String Quartet No. 43','G major','Op. 54',1,'',1788);
INSERT INTO `works` (`work_id`,`composer_id`,`work_type_id`,`title`,`key`,`opus_no`,`work_no`,`name`,`completion_year`) VALUES (161,83,12,'String Quartet No. 44','E major','Op. 54',3,'',1788);
INSERT INTO `works` (`work_id`,`composer_id`,`work_type_id`,`title`,`key`,`opus_no`,`work_no`,`name`,`completion_year`) VALUES (162,83,12,'String Quartet No. 45','A major','Op. 55',1,'',1788);
INSERT INTO `works` (`work_id`,`composer_id`,`work_type_id`,`title`,`key`,`opus_no`,`work_no`,`name`,`completion_year`) VALUES (163,83,12,'String Quartet No. 46','F minor','Op. 55',2,'Razor',1788);
INSERT INTO `works` (`work_id`,`composer_id`,`work_type_id`,`title`,`key`,`opus_no`,`work_no`,`name`,`completion_year`) VALUES (164,83,12,'String Quartet No. 47','B flat major','Op. 55',3,'',1788);
INSERT INTO `works` (`work_id`,`composer_id`,`work_type_id`,`title`,`key`,`opus_no`,`work_no`,`name`,`completion_year`) VALUES (165,83,12,'String Quartet No. 48','C major','Op. 64',1,'',1790);
INSERT INTO `works` (`work_id`,`composer_id`,`work_type_id`,`title`,`key`,`opus_no`,`work_no`,`name`,`completion_year`) VALUES (166,83,12,'String Quartet No. 49','B minor','Op. 64',2,'',1790);
INSERT INTO `works` (`work_id`,`composer_id`,`work_type_id`,`title`,`key`,`opus_no`,`work_no`,`name`,`completion_year`) VALUES (167,83,12,'String Quartet No. 50','B flat major','Op. 64',3,'',1790);
INSERT INTO `works` (`work_id`,`composer_id`,`work_type_id`,`title`,`key`,`opus_no`,`work_no`,`name`,`completion_year`) VALUES (168,83,12,'String Quartet No. 51','G major','Op. 64',4,'',1790);
INSERT INTO `works` (`work_id`,`composer_id`,`work_type_id`,`title`,`key`,`opus_no`,`work_no`,`name`,`completion_year`) VALUES (169,83,12,'String Quartet No. 52','E flat major','Op. 64',6,'',1790);
INSERT INTO `works` (`work_id`,`composer_id`,`work_type_id`,`title`,`key`,`opus_no`,`work_no`,`name`,`completion_year`) VALUES (170,83,12,'String Quartet No. 53','D major','Op. 64',5,'The Lark',1790);
INSERT INTO `works` (`work_id`,`composer_id`,`work_type_id`,`title`,`key`,`opus_no`,`work_no`,`name`,`completion_year`) VALUES (171,83,12,'String Quartet No. 54','B flat major','Op. 71',1,'',1793);
INSERT INTO `works` (`work_id`,`composer_id`,`work_type_id`,`title`,`key`,`opus_no`,`work_no`,`name`,`completion_year`) VALUES (172,83,12,'String Quartet No. 55','D major','Op. 71',2,'',1793);
INSERT INTO `works` (`work_id`,`composer_id`,`work_type_id`,`title`,`key`,`opus_no`,`work_no`,`name`,`completion_year`) VALUES (173,83,12,'String Quartet No. 56','E flat major','Op. 71',3,'',1793);
INSERT INTO `works` (`work_id`,`composer_id`,`work_type_id`,`title`,`key`,`opus_no`,`work_no`,`name`,`completion_year`) VALUES (174,83,12,'String Quartet No. 57','C major','Op. 74',1,'',1793);
INSERT INTO `works` (`work_id`,`composer_id`,`work_type_id`,`title`,`key`,`opus_no`,`work_no`,`name`,`completion_year`) VALUES (175,83,12,'String Quartet No. 58','F major','Op. 74',2,'',1793);
INSERT INTO `works` (`work_id`,`composer_id`,`work_type_id`,`title`,`key`,`opus_no`,`work_no`,`name`,`completion_year`) VALUES (176,83,12,'String Quartet No. 59','G minor','Op. 74',3,'Rider',1793);
INSERT INTO `works` (`work_id`,`composer_id`,`work_type_id`,`title`,`key`,`opus_no`,`work_no`,`name`,`completion_year`) VALUES (177,83,12,'String Quartet No. 60','G major','Op. 76',1,'',1797);
INSERT INTO `works` (`work_id`,`composer_id`,`work_type_id`,`title`,`key`,`opus_no`,`work_no`,`name`,`completion_year`) VALUES (178,83,12,'String Quartet No. 61','D minor','Op. 76',2,'Fifths',1797);
INSERT INTO `works` (`work_id`,`composer_id`,`work_type_id`,`title`,`key`,`opus_no`,`work_no`,`name`,`completion_year`) VALUES (179,83,12,'String Quartet No. 62','C major','Op. 76',3,'Emperor',1797);
INSERT INTO `works` (`work_id`,`composer_id`,`work_type_id`,`title`,`key`,`opus_no`,`work_no`,`name`,`completion_year`) VALUES (180,83,12,'String Quartet No. 63','B flat major','Op. 76',4,'Sunrise',1797);
INSERT INTO `works` (`work_id`,`composer_id`,`work_type_id`,`title`,`key`,`opus_no`,`work_no`,`name`,`completion_year`) VALUES (181,83,12,'String Quartet No. 64','D major','Op. 76',5,'Friedhofsquartett',1797);
INSERT INTO `works` (`work_id`,`composer_id`,`work_type_id`,`title`,`key`,`opus_no`,`work_no`,`name`,`completion_year`) VALUES (182,83,12,'String Quartet No. 65','E flat major','Op. 76',6,'',1797);
INSERT INTO `works` (`work_id`,`composer_id`,`work_type_id`,`title`,`key`,`opus_no`,`work_no`,`name`,`completion_year`) VALUES (183,83,12,'String Quartet No. 66','G major','Op. 77',1,'',1799);
INSERT INTO `works` (`work_id`,`composer_id`,`work_type_id`,`title`,`key`,`opus_no`,`work_no`,`name`,`completion_year`) VALUES (184,83,12,'String Quartet No. 67','F major','Op. 77',2,'',1799);
INSERT INTO `works` (`work_id`,`composer_id`,`work_type_id`,`title`,`key`,`opus_no`,`work_no`,`name`,`completion_year`) VALUES (185,83,12,'String Quartet No. 68','D minor','Op. 103',NULL,'',1803);
INSERT INTO `works` (`work_id`,`composer_id`,`work_type_id`,`title`,`key`,`opus_no`,`work_no`,`name`,`completion_year`) VALUES (186,128,12,'String Quartet No. 1',NULL,NULL,NULL,'Kreutzer Sonata',1923);
INSERT INTO `works` (`work_id`,`composer_id`,`work_type_id`,`title`,`key`,`opus_no`,`work_no`,`name`,`completion_year`) VALUES (187,128,12,'String Quartet No. 2',NULL,NULL,NULL,'Intimate Letters',1928);
